{
  "Ansi 6 Color" : {
    "Red Component" : 0.38823529411765001,
    "Color Space" : "sRGB",
    "Blue Component" : 0.81176470588234995,
    "Green Component" : 0.80392156862745001
  },
  "Tags" : [

  ],
  "Ansi 12 Color" : {
    "Red Component" : 0.52549019607842995,
    "Color Space" : "sRGB",
    "Blue Component" : 0.86274509803921995,
    "Green Component" : 0.67058823529412004
  },
  "Custom Directory" : "No",
  "Draw Powerline Glyphs" : false,
  "Bold Color" : {
    "Red Component" : 0.80392156862745001,
    "Color Space" : "sRGB",
    "Blue Component" : 0.81176470588234995,
    "Green Component" : 0.80784313725489998
  },
  "Normal Font" : "NotoMonoNerdFontCompleteM- 12",
  "Ansi 4 Color" : {
    "Red Component" : 0.44313725490195999,
    "Color Space" : "sRGB",
    "Blue Component" : 0.83921568627451004,
    "Green Component" : 0.61176470588234999
  },
  "Ansi 5 Color" : {
    "Red Component" : 0.61568627450979996,
    "Color Space" : "sRGB",
    "Blue Component" : 0.83921568627451004,
    "Green Component" : 0.47450980392156999
  },
  "Rows" : 25,
  "Default Bookmark" : "No",
  "Use Non-ASCII Font" : false,
  "Cursor Guide Color" : {
    "Red Component" : 0.70214027166366577,
    "Color Space" : "sRGB",
    "Blue Component" : 1,
    "Alpha Component" : 0.25,
    "Green Component" : 0.92681378126144409
  },
  "Non-ASCII Anti Aliased" : true,
  "Use Bright Bold" : true,
  "Ansi 10 Color" : {
    "Red Component" : 0.55686274509804001,
    "Color Space" : "sRGB",
    "Blue Component" : 0.64313725490196005,
    "Green Component" : 0.72941176470587998
  },
  "Ambiguous Double Width" : false,
  "Jobs to Ignore" : [
    "rlogin",
    "ssh",
    "slogin",
    "telnet"
  ],
  "Ansi 15 Color" : {
    "Red Component" : 0.89411764705882002,
    "Color Space" : "sRGB",
    "Blue Component" : 0.89803921568626999,
    "Green Component" : 0.89411764705882002
  },
  "Foreground Color" : {
    "Red Component" : 0.80392156862745001,
    "Color Space" : "sRGB",
    "Blue Component" : 0.81176470588234995,
    "Green Component" : 0.80784313725489998
  },
  "Working Directory" : "\/Users\/trond",
  "Blinking Cursor" : false,
  "Disable Window Resizing" : true,
  "Sync Title" : false,
  "Prompt Before Closing 2" : false,
  "BM Growl" : true,
  "Command" : "",
  "Description" : "Default",
  "Mouse Reporting" : true,
  "Screen" : -1,
  "Selection Color" : {
    "Red Component" : 0.16862745098039,
    "Color Space" : "sRGB",
    "Blue Component" : 0.31764705882353,
    "Green Component" : 0.23137254901960999
  },
  "Columns" : 80,
  "Idle Code" : 0,
  "Ansi 13 Color" : {
    "Red Component" : 0.72941176470587998,
    "Color Space" : "sRGB",
    "Blue Component" : 0.88627450980391997,
    "Green Component" : 0.63137254901961004
  },
  "Custom Command" : "No",
  "ASCII Anti Aliased" : true,
  "Non Ascii Font" : "Monaco 12",
  "Vertical Spacing" : 1,
  "Use Bold Font" : true,
  "Option Key Sends" : 0,
  "Selected Text Color" : {
    "Red Component" : 0.80392156862745001,
    "Color Space" : "sRGB",
    "Blue Component" : 0.81176470588234995,
    "Green Component" : 0.80784313725489998
  },
  "Background Color" : {
    "Red Component" : 0.098039215686274994,
    "Color Space" : "sRGB",
    "Blue Component" : 0.18823529411765,
    "Green Component" : 0.13725490196078
  },
  "Character Encoding" : 4,
  "Ansi 11 Color" : {
    "Red Component" : 0.87843137254902004,
    "Color Space" : "sRGB",
    "Blue Component" : 0.53725490196077996,
    "Green Component" : 0.78823529411765003
  },
  "Use Italic Font" : true,
  "Unlimited Scrollback" : false,
  "Keyboard Map" : {
    "0xf700-0x260000" : {
      "Text" : "[1;6A",
      "Action" : 10
    },
    "0x37-0x40000" : {
      "Text" : "0x1f",
      "Action" : 11
    },
    "0x32-0x40000" : {
      "Text" : "0x00",
      "Action" : 11
    },
    "0xf709-0x20000" : {
      "Text" : "[17;2~",
      "Action" : 10
    },
    "0xf70c-0x20000" : {
      "Text" : "[20;2~",
      "Action" : 10
    },
    "0xf729-0x20000" : {
      "Text" : "[1;2H",
      "Action" : 10
    },
    "0xf72b-0x40000" : {
      "Text" : "[1;5F",
      "Action" : 10
    },
    "0xf705-0x20000" : {
      "Text" : "[1;2Q",
      "Action" : 10
    },
    "0xf703-0x260000" : {
      "Text" : "[1;6C",
      "Action" : 10
    },
    "0xf700-0x220000" : {
      "Text" : "[1;2A",
      "Action" : 10
    },
    "0xf701-0x280000" : {
      "Text" : "0x1b 0x1b 0x5b 0x42",
      "Action" : 11
    },
    "0x38-0x40000" : {
      "Text" : "0x7f",
      "Action" : 11
    },
    "0x33-0x40000" : {
      "Text" : "0x1b",
      "Action" : 11
    },
    "0xf703-0x220000" : {
      "Text" : "[1;2C",
      "Action" : 10
    },
    "0xf701-0x240000" : {
      "Text" : "[1;5B",
      "Action" : 10
    },
    "0xf70d-0x20000" : {
      "Text" : "[21;2~",
      "Action" : 10
    },
    "0xf702-0x260000" : {
      "Text" : "[1;6D",
      "Action" : 10
    },
    "0xf729-0x40000" : {
      "Text" : "[1;5H",
      "Action" : 10
    },
    "0xf706-0x20000" : {
      "Text" : "[1;2R",
      "Action" : 10
    },
    "0x34-0x40000" : {
      "Text" : "0x1c",
      "Action" : 11
    },
    "0xf700-0x280000" : {
      "Text" : "0x1b 0x1b 0x5b 0x41",
      "Action" : 11
    },
    "0x2d-0x40000" : {
      "Text" : "0x1f",
      "Action" : 11
    },
    "0xf70e-0x20000" : {
      "Text" : "[23;2~",
      "Action" : 10
    },
    "0xf702-0x220000" : {
      "Text" : "[1;2D",
      "Action" : 10
    },
    "0xf703-0x280000" : {
      "Text" : "0x1b 0x1b 0x5b 0x43",
      "Action" : 11
    },
    "0xf700-0x240000" : {
      "Text" : "[1;5A",
      "Action" : 10
    },
    "0xf707-0x20000" : {
      "Text" : "[1;2S",
      "Action" : 10
    },
    "0xf70a-0x20000" : {
      "Text" : "[18;2~",
      "Action" : 10
    },
    "0x35-0x40000" : {
      "Text" : "0x1d",
      "Action" : 11
    },
    "0xf70f-0x20000" : {
      "Text" : "[24;2~",
      "Action" : 10
    },
    "0xf703-0x240000" : {
      "Text" : "[1;5C",
      "Action" : 10
    },
    "0xf701-0x260000" : {
      "Text" : "[1;6B",
      "Action" : 10
    },
    "0xf702-0x280000" : {
      "Text" : "0x1b 0x1b 0x5b 0x44",
      "Action" : 11
    },
    "0xf72b-0x20000" : {
      "Text" : "[1;2F",
      "Action" : 10
    },
    "0x36-0x40000" : {
      "Text" : "0x1e",
      "Action" : 11
    },
    "0xf708-0x20000" : {
      "Text" : "[15;2~",
      "Action" : 10
    },
    "0xf701-0x220000" : {
      "Text" : "[1;2B",
      "Action" : 10
    },
    "0xf70b-0x20000" : {
      "Text" : "[19;2~",
      "Action" : 10
    },
    "0xf702-0x240000" : {
      "Text" : "[1;5D",
      "Action" : 10
    },
    "0xf704-0x20000" : {
      "Text" : "[1;2P",
      "Action" : 10
    }
  },
  "Window Type" : 0,
  "Background Image Location" : "",
  "Blur" : false,
  "Badge Color" : {
    "Red Component" : 1,
    "Color Space" : "sRGB",
    "Blue Component" : 0,
    "Alpha Component" : 0.5,
    "Green Component" : 0.14910027384757996
  },
  "Scrollback Lines" : 1000,
  "Send Code When Idle" : false,
  "Close Sessions On End" : true,
  "Terminal Type" : "xterm-256color",
  "Visual Bell" : true,
  "Flashing Bell" : false,
  "Silence Bell" : false,
  "Ansi 14 Color" : {
    "Red Component" : 0.47843137254902002,
    "Color Space" : "sRGB",
    "Blue Component" : 0.83921568627451004,
    "Green Component" : 0.83137254901961
  },
  "ASCII Ligatures" : false,
  "Name" : "Default",
  "Cursor Text Color" : {
    "Red Component" : 0.098039215686274994,
    "Color Space" : "sRGB",
    "Blue Component" : 0.18823529411765,
    "Green Component" : 0.13725490196078
  },
  "Shortcut" : "",
  "Cursor Color" : {
    "Red Component" : 0.80392156862745001,
    "Color Space" : "sRGB",
    "Blue Component" : 0.81176470588234995,
    "Green Component" : 0.80784313725489998
  },
  "Ansi 0 Color" : {
    "Red Component" : 0.22352941176471,
    "Color Space" : "sRGB",
    "Blue Component" : 0.26666666666666999,
    "Green Component" : 0.23137254901960999
  },